id;ip_range_id;start_date;end_date
46980764;67084381;2020-12-12;2025-08-09
40845256;46419095;2019-07-26;2026-01-05
59858318;81600070;2023-02-12;2025-10-31
51272707;64015228;2019-02-16;2027-01-16
75469128;65214305;2022-09-17;2026-09-26
58127529;49209415;2019-01-10;2025-12-08
54302937;22645302;2019-09-12;2028-04-05
43104214;37687697;2022-11-22;2026-07-18
56920756;78178843;2020-05-06;2024-02-29
31608986;10620539;2019-02-20;2026-01-26
85685579;33656785;2022-07-01;2023-09-23
67908303;43333036;2018-11-20;2026-02-13
22144494;91568313;2020-04-01;2025-09-16
97536469;91102569;2021-10-30;2027-03-20
05672102;29272412;2020-08-05;2028-01-27
41821250;59152063;2022-10-17;2025-09-10
80769630;04376936;2021-07-30;2025-06-11
22246646;99472106;2019-04-16;2023-10-18
47092752;07936825;2021-08-29;2028-02-06
63173218;17231657;2018-10-15;2023-04-23
90718146;53970126;2022-08-27;2025-12-23
63421464;92044365;2021-07-09;2025-03-16
87978245;48579455;2019-03-31;2027-07-29
97362310;31568591;2022-11-13;2025-01-22
79738851;62049025;2023-01-28;2024-06-24
41220281;78225105;2020-04-20;2026-09-08
05690759;47056255;2020-08-11;2025-01-16
71225279;38740766;2022-07-07;2023-05-03
31834913;60994738;2022-09-28;2027-09-04
12359886;39094601;2022-11-10;2026-12-04
96659480;38441196;2022-05-31;2027-05-13
76902409;26310367;2018-06-28;2028-03-17
11292693;02622247;2020-05-30;2024-05-15
21086119;42621313;2022-04-03;2023-07-17
41293745;15328033;2021-10-02;2024-01-18
55547843;76269565;2018-10-18;2024-03-01
49139694;13886634;2021-04-27;2026-12-05
07939804;89340334;2022-05-05;2026-05-01
94338348;97304297;2018-04-06;2024-08-31
09544523;88266329;2019-02-26;2024-12-10
47043702;12903213;2020-08-14;2023-07-24
32321151;02383533;2022-06-09;2026-01-15
90838416;37118811;2021-07-10;2026-05-13
61505687;84048424;2019-02-17;2026-06-10
72083429;40395517;2022-03-27;2026-04-08
76356014;69159138;2021-03-12;2027-03-10
74733995;20010091;2021-02-09;2024-06-02
84186270;21556709;2022-04-12;2027-07-11
76447229;96072740;2018-04-10;2027-08-28
21272772;67263825;2022-06-18;2026-02-20
53291240;24103647;2022-03-24;2026-12-16
84947130;10252398;2021-12-20;2024-01-02
70801758;50441314;2018-10-13;2026-04-07
00331748;90689653;2020-02-23;2028-02-26
92156779;57313757;2022-09-22;2025-01-02
49203143;46848001;2018-12-28;2026-02-06
49681516;93142691;2018-10-08;2026-10-01
34771103;48567936;2021-02-24;2026-03-27
56468138;71090727;2020-03-09;2025-11-02
47662136;10223093;2021-09-03;2026-05-25
65005564;40912179;2023-03-23;2024-04-19
72741812;98466435;2021-09-18;2024-07-23
10692633;69024426;2019-08-18;2023-09-04
89709633;03574124;2020-01-15;2025-11-12
64118101;90495828;2020-08-01;2023-08-03
48655213;85460192;2021-07-22;2028-03-16
62006192;70295135;2021-07-16;2024-07-19
54559541;67732759;2021-08-31;2026-02-27
31573597;52931817;2022-06-20;2024-03-10
45674353;81337284;2019-01-02;2028-02-25
86121360;39050332;2018-10-07;2027-01-19
55210685;31107012;2020-04-23;2025-09-17
86639781;21229476;2018-07-13;2023-12-05
64139325;69965830;2018-06-27;2023-10-06
28219441;25657282;2020-03-29;2023-12-23
74782361;94339141;2022-12-11;2023-06-22
10353904;40343806;2021-03-31;2024-06-13
03615879;10510508;2018-06-23;2027-10-22
39788506;16679177;2018-09-30;2026-11-21
33656870;30974424;2020-03-05;2025-05-27
26651129;32080903;2021-10-11;2026-03-03
46120504;93873323;2019-01-23;2025-07-28
15351210;06243519;2020-01-06;2027-05-03
80209853;12835316;2021-11-11;2024-04-26
14393018;54695815;2022-03-29;2025-08-24
23462707;16521079;2018-06-17;2026-11-13
74388967;72455137;2018-12-07;2026-01-30
17033105;15762903;2019-05-03;2023-06-27
04735949;55833498;2022-05-26;2024-09-15
65198349;13391486;2019-04-13;2027-06-25
34043489;61353122;2022-07-02;2023-04-16
59142154;74227968;2023-03-05;2026-08-17
03449636;06727102;2021-05-20;2024-04-17
23512371;32415944;2021-11-18;2025-11-26
44043327;35060266;2021-06-29;2025-11-13
85911768;25384256;2019-08-26;2024-09-16
52091429;16888794;2019-08-05;2026-02-17
57599892;54866814;2018-06-10;2025-07-18
39026560;33451253;2019-03-23;2023-04-18
87058901;42922024;2021-03-04;2023-12-02
51890173;61897685;2018-08-30;2027-07-30
31418519;18679355;2020-08-06;2027-11-10
02082896;35388613;2019-02-28;2025-11-06
60701154;82342826;2018-12-10;2027-05-18
39632893;12871390;2019-01-04;2027-04-13
54181785;59464254;2019-08-25;2023-12-22
08242109;31688567;2019-04-11;2025-07-01
34128237;25667094;2020-08-10;2027-04-21
09106847;63673397;2023-02-08;2027-07-23
02663072;93906248;2022-03-06;2027-11-19
10355837;33091450;2020-01-02;2025-11-17
95179662;95043586;2020-11-25;2026-05-07
11509221;41920961;2022-11-08;2027-06-08
06562758;14795796;2022-07-10;2027-09-26
71550832;44430647;2020-01-27;2028-01-14
59959921;87482333;2020-04-10;2027-04-17
28877606;88568199;2019-06-20;2023-10-05
59936822;51628800;2018-11-10;2024-09-20
91263724;49655045;2021-12-03;2023-08-06
60331530;75802127;2022-10-14;2025-12-17
00433952;65057534;2021-12-08;2023-08-28
62664947;40054373;2018-06-21;2024-11-11
89031881;39479721;2022-04-26;2024-07-15
15187184;58484675;2023-03-31;2024-06-07
56739351;87722700;2021-04-11;2027-07-06
09797232;37052258;2021-06-04;2026-10-10
77041481;12342877;2018-09-04;2024-10-30
51288629;62800961;2020-04-02;2026-04-09
50943194;20985278;2018-04-08;2025-08-04
82734832;68619667;2021-06-07;2024-11-15
19238983;87711189;2018-04-22;2024-07-31
81012192;12066338;2022-11-19;2026-02-02
13453925;06428514;2019-09-19;2023-10-23
07256085;35370245;2020-01-21;2024-05-30
70575552;01844290;2018-05-15;2026-10-05
86213217;03142096;2022-09-19;2027-09-16
75041589;98310350;2019-12-04;2027-05-15
07299132;59178563;2021-01-20;2028-01-07
09963308;10895382;2019-10-12;2025-05-11
69559892;87391290;2019-03-09;2024-08-04
91524727;38286327;2019-09-15;2027-12-15
97280681;48134584;2019-04-08;2026-08-04
54814211;60643494;2018-05-08;2023-06-16
12052286;60146823;2020-02-20;2024-10-21
25739896;84781674;2020-08-02;2025-07-25
57860287;34507909;2022-04-15;2025-10-18
12814058;38444079;2021-09-21;2025-06-29
54444186;72058185;2018-04-11;2026-12-21
38858588;00494147;2019-10-18;2027-07-18
63514411;01130996;2020-10-14;2027-11-14
01236735;00521730;2021-07-02;2026-08-14
13905947;40097072;2020-10-20;2026-08-08
21709847;75992532;2020-12-28;2024-11-05
26876849;47798147;2019-06-30;2027-02-26
84241260;73175202;2019-10-20;2028-03-02
57551730;50206453;2020-12-23;2027-03-02
58449876;35608068;2020-09-29;2027-12-26
01191907;61835452;2021-03-01;2024-10-07
57980654;02169307;2023-04-01;2024-12-08
29997886;41190821;2022-05-16;2026-10-23
17901315;35599582;2020-06-20;2028-03-19
23984712;59628082;2020-06-23;2025-01-08
94875441;55874906;2019-09-24;2027-10-17
07701198;35860562;2018-11-13;2025-11-03
90101420;77910393;2019-07-06;2023-05-26
36221422;50209626;2022-04-13;2025-10-29
92282129;77039394;2022-07-05;2025-02-03
24777673;77132994;2020-07-10;2026-09-29
92225300;53254252;2018-08-29;2027-09-30
62981609;23920273;2019-01-16;2028-03-10
66823843;36043720;2021-09-06;2027-12-29
74444199;92310456;2018-07-12;2023-06-01
01374632;37541338;2022-07-22;2027-02-09
32110492;61040016;2018-05-09;2024-12-01
58116363;59803869;2021-05-10;2024-11-08
41260691;88741909;2018-04-23;2026-02-03
74122613;81691759;2020-07-11;2025-10-10
88589668;52596459;2019-08-10;2023-05-13
57184542;31791994;2021-10-24;2024-07-24
22113184;42150923;2022-04-27;2026-07-15
15905173;41057155;2021-11-28;2024-06-30
87816415;16992815;2019-02-15;2027-08-18
17507249;68952100;2021-11-30;2026-11-11
22080159;74997115;2022-06-21;2027-01-20
61916237;65858827;2020-06-28;2028-02-09
39596519;89626521;2020-02-10;2027-10-09
87912162;91058946;2022-02-12;2023-09-13
01726061;46235046;2023-03-09;2026-04-22
56701682;63668765;2020-09-27;2023-06-14
20018767;68378773;2020-07-21;2027-04-04
77846605;22769590;2019-02-25;2028-03-08
11728779;02168942;2019-03-18;2024-01-21
65384619;30716599;2019-07-04;2023-05-01
05078628;68769329;2020-03-22;2025-04-19
65842559;25820705;2021-10-04;2027-12-17
11979434;28045462;2019-01-24;2026-10-28
34845743;07872212;2020-01-19;2023-08-05
47417332;40182151;2020-03-14;2025-12-04
22151209;15052477;2020-01-09;2028-03-27
10085542;42971251;2022-01-14;2027-08-17
12488297;51579756;2019-01-18;2027-02-27
27031193;28295734;2022-10-09;2024-10-17
40145110;27622929;2020-02-21;2026-02-24
23139577;82238084;2021-12-18;2027-07-01
25902167;21174710;2018-11-15;2023-11-13
15500819;76152600;2020-09-28;2023-10-26
99687559;15630211;2019-11-04;2025-03-18
42317923;31739822;2022-06-19;2026-04-17
47709485;68656711;2018-08-23;2023-10-21
80660123;08788877;2021-08-12;2026-09-16
86160653;31406918;2018-10-05;2024-09-17
49479255;37220921;2019-02-06;2026-04-27
86918840;33743359;2023-02-16;2025-03-04
66860921;85800273;2021-03-28;2023-08-10
30172143;72825858;2021-08-30;2028-01-10
10864122;43561399;2019-01-28;2024-01-01
09139632;36569376;2021-12-01;2026-07-09
89510833;71954732;2019-11-21;2027-04-25
30420267;00572180;2022-08-09;2023-04-27
16108844;54054352;2020-08-27;2025-08-03
15836823;22768118;2020-04-11;2025-06-01
88121749;35661787;2022-08-26;2026-06-29
23643504;66793757;2018-12-17;2025-04-16
72342939;93919169;2022-03-01;2024-07-04
54295724;69720624;2019-10-23;2024-05-22
78128518;90523970;2018-08-06;2028-01-17
85681769;30595190;2023-01-17;2024-02-07
06753049;06523201;2019-11-10;2025-12-14
51607717;44917098;2018-06-20;2027-03-30
17967010;35557148;2021-02-20;2023-11-25
26484662;47522178;2022-04-22;2025-09-09
47232479;82000716;2023-01-07;2025-03-27
09540685;12368174;2021-01-18;2027-01-21
96638777;04908732;2019-01-07;2027-10-03
07245420;46191343;2022-12-20;2024-09-02
56044137;73888372;2018-08-17;2028-02-27
80419565;97341969;2020-08-22;2027-06-02
62610432;47891866;2022-11-23;2026-03-26
37146799;93613251;2022-08-08;2025-09-05
43507603;56706803;2018-08-31;2027-09-09
98057589;48747387;2022-05-04;2025-07-29
76066210;42203677;2018-07-04;2027-12-30
67897313;76568433;2022-03-23;2025-02-25
45482142;50093234;2019-06-23;2026-05-08
28473763;53191543;2019-03-17;2023-04-26
20521536;07291860;2022-06-16;2027-10-04
01294057;88946606;2022-03-20;2023-09-17
20243908;51261637;2021-08-15;2025-10-07
61264662;32150307;2021-03-23;2024-11-17
47525202;65512516;2020-10-29;2027-08-26
91719892;17912113;2019-02-04;2024-12-21
71563066;18518460;2020-05-12;2023-10-16
59232970;19998364;2020-06-17;2027-11-23
15430573;17293699;2019-07-14;2027-04-29
44417755;54201227;2022-10-23;2024-04-22
56831819;16109399;2022-01-25;2024-09-19
34720314;84049464;2021-12-05;2026-09-28
26497515;22538773;2019-08-13;2026-10-27
11324780;11780004;2019-02-21;2024-08-20
25415765;23089860;2021-05-09;2023-05-07
90880254;54215158;2019-05-26;2026-08-11
70607486;33648479;2020-07-12;2025-05-16
33946381;34417455;2019-07-17;2027-11-28
91767107;04261161;2022-10-04;2025-02-13
69164516;54303914;2021-06-03;2024-05-21
17051673;64774510;2023-03-26;2023-05-31
69002029;91009918;2022-09-23;2026-07-21
68669873;57307030;2021-01-06;2024-08-15
08178366;52430067;2023-03-21;2024-01-31
56565203;26724881;2021-10-07;2024-09-14
21212506;64145839;2021-05-15;2026-03-18
79583668;88686818;2020-03-04;2026-03-08
76491722;02941633;2020-11-22;2024-12-04
07682130;17038671;2020-07-23;2023-10-10
87754556;47354770;2022-07-21;2027-03-04
13243940;09384125;2021-04-23;2025-08-23
13632851;58296466;2021-04-05;2024-02-12
76431979;34866591;2021-08-16;2027-02-03
75935455;11668804;2021-04-08;2023-09-08
52725378;25686844;2019-01-21;2024-07-30
81227268;61901189;2022-01-12;2028-02-07
44345088;50990044;2021-01-23;2023-09-24
78829857;56390955;2020-11-30;2023-08-11
13873191;38872962;2021-04-24;2024-07-22
73453377;32195363;2019-07-21;2026-12-28
47319451;82147767;2020-08-21;2027-05-16
16777821;64833021;2021-07-23;2024-06-08
12319032;76020024;2019-10-29;2025-10-03
61803963;37179452;2022-12-24;2027-08-22
46894400;03822422;2022-01-04;2027-02-11
18096398;28605303;2020-09-09;2027-11-17
78058805;29614710;2019-07-18;2023-05-20
76045667;63454081;2020-08-07;2025-12-10
56259153;39313301;2023-02-04;2025-12-21
53532527;70924728;2020-06-25;2026-09-14
90495912;06084802;2020-03-01;2026-03-30
69223765;43128926;2022-02-15;2024-12-14
03291268;08370275;2023-03-15;2024-04-16
69351658;65115734;2023-01-10;2027-07-05
78653045;36398304;2022-01-10;2025-10-26
38787528;88508174;2022-11-06;2026-11-24
18814057;01085758;2022-03-07;2024-04-11
09218531;04164869;2020-02-28;2027-02-10
65848521;89678949;2021-02-11;2024-03-22
45054546;10896188;2019-06-22;2027-02-08
72217558;92315794;2019-05-05;2025-04-26
30478210;75555531;2021-07-17;2025-09-26
52379663;34317590;2019-04-23;2025-04-22
51820785;42609845;2018-11-06;2026-07-16
01961631;82382473;2022-01-30;2027-10-15
59809065;37585030;2021-10-23;2023-06-11
50939634;26501897;2022-02-20;2026-04-14
99122472;97105440;2021-06-15;2027-06-27
02709464;96934366;2022-06-06;2028-01-05
41493549;92961608;2023-01-22;2027-07-22
92213824;10539188;2018-09-21;2025-05-19
68217373;01723710;2022-09-12;2025-12-13
97774734;39881705;2020-01-22;2025-11-30
11116423;11091814;2018-06-16;2027-01-02
26241882;53837351;2020-12-01;2027-04-14
66745245;45052090;2019-10-22;2025-01-09
10284415;79672565;2022-03-09;2025-04-12
73749595;18869253;2019-07-10;2025-02-20
23989336;45906737;2019-10-26;2027-07-12
79610782;66614430;2022-04-10;2027-07-31
60869846;18746117;2018-12-31;2026-05-28
67207717;75098631;2022-12-18;2023-08-21
64100452;15864434;2019-10-11;2025-04-29
80650811;53043976;2018-10-09;2023-05-11
39249071;05294773;2018-10-26;2028-03-26
57997626;92629780;2019-06-07;2027-02-17
51706736;16752232;2021-06-30;2026-06-05
77358726;17158459;2020-02-16;2025-12-25
35173381;58125391;2021-03-05;2028-01-04
04224261;77305031;2020-05-29;2026-06-26
29028874;92197052;2020-09-20;2026-10-11
03221246;74192851;2022-05-18;2027-12-03
18047033;79141218;2018-05-25;2024-09-24
80925464;74301751;2021-05-01;2027-06-18
41283441;96586949;2022-12-01;2028-03-07
86989632;34257873;2018-10-11;2024-11-30
13637124;91091310;2020-05-05;2024-05-01
61448745;32641219;2021-12-21;2026-07-25
51593187;91450520;2021-09-08;2026-01-08
42604051;92340299;2022-01-19;2025-06-07
63869638;34090737;2018-07-03;2027-08-29
22455301;18107480;2018-04-09;2027-08-19
52472402;16568742;2019-03-21;2024-12-20
80291682;93720078;2019-02-24;2026-08-27
78294248;23587217;2018-07-16;2025-05-25
33006086;58392945;2021-08-22;2023-12-27
71553572;75170148;2019-01-25;2024-05-18
90847426;19285302;2021-03-21;2025-02-23
00778271;74823390;2020-04-17;2025-08-13
09589066;56230485;2018-10-10;2026-11-05
44980008;12833832;2019-02-01;2025-01-10
53271451;44884991;2018-06-12;2025-02-04
70821616;84450700;2020-09-21;2024-05-12
65671661;92848321;2019-09-05;2025-05-20
06717778;11447174;2021-11-12;2026-10-15
49898497;01115789;2019-09-20;2024-04-27
48779291;46448011;2022-10-10;2023-06-30
75214962;23300229;2020-04-09;2025-06-10
01611155;92557255;2022-09-15;2025-09-13
31638418;08464043;2021-09-05;2027-06-11
22753898;57214276;2020-11-28;2023-07-15
96183436;98584320;2019-05-25;2025-11-10
54243030;27349007;2022-03-05;2026-10-30
88015000;13150273;2022-07-26;2023-07-31
97471029;14368548;2019-07-29;2023-04-30
21441273;82426701;2019-02-18;2027-11-05
72340023;73442322;2019-11-01;2024-01-26
83178267;56010997;2021-01-02;2027-06-30
53246791;23584840;2021-06-14;2023-07-11
02270075;66033048;2022-10-02;2026-01-29
33693369;30413620;2018-12-22;2024-03-28
60984407;10738776;2020-10-25;2026-11-18
46982588;46175615;2019-04-09;2027-08-30
62146649;72697280;2021-08-27;2023-09-01
02673508;39272174;2018-12-16;2026-06-16
31321399;53336677;2019-04-20;2023-10-11
05697472;82443886;2022-02-28;2024-06-12
40931403;30481497;2019-07-03;2023-08-02
40095640;86714793;2022-06-11;2023-12-24
92648505;67140860;2021-08-05;2027-08-25
91061586;86555406;2018-05-31;2025-07-21
50424064;58714770;2021-05-08;2028-02-08
01007316;26334160;2019-10-02;2023-05-28
24301099;75604600;2022-04-29;2024-08-08
44088444;50683423;2020-04-18;2025-11-22
32127248;77087649;2021-06-22;2026-10-13
55370366;58571627;2020-04-29;2026-05-19
67953626;64872006;2018-04-18;2027-05-22
37717573;05152992;2019-11-20;2024-10-10
58181555;42115064;2023-01-26;2023-05-14
13626591;73079664;2018-09-13;2026-07-20
34875689;88305637;2020-06-06;2023-05-04
71087940;84881132;2020-09-26;2027-02-13
09949992;15230597;2020-12-19;2026-09-10
78077156;76082508;2018-04-16;2024-11-29
96210297;90769415;2022-05-28;2026-09-24
60052222;07049721;2020-11-14;2027-04-20
67072236;56370443;2020-03-25;2026-12-03
10489435;26087111;2020-12-14;2024-09-25
15488999;78737436;2019-11-24;2026-01-21
01250748;66996037;2019-01-20;2024-06-27
94213617;85852312;2020-06-04;2023-07-14
14090716;06204221;2021-09-23;2027-03-11
65428693;76407905;2019-12-24;2027-12-02
55963871;34978872;2019-05-01;2024-04-02
69915506;65261922;2021-11-03;2025-02-06
76481610;71489827;2021-09-27;2023-09-25
19081480;22725768;2020-10-31;2027-11-22
66796541;60280738;2022-05-13;2026-05-20
03023963;84407559;2018-11-21;2023-07-01
92033338;54969644;2021-02-08;2027-08-07
86649132;22713314;2020-11-21;2025-03-29
01074870;88777976;2023-01-16;2027-12-05
60364710;80570982;2021-01-08;2023-12-11
13840328;76145706;2021-10-28;2024-09-10
04434630;86643137;2020-05-09;2026-03-16
22742651;77914240;2022-12-23;2026-06-01
12659935;31224205;2020-01-31;2023-07-03
11521896;03825838;2022-01-11;2026-10-20
08723764;40768024;2020-08-31;2026-05-10
21527472;82877079;2018-07-14;2024-02-05
70740299;09176622;2020-08-30;2027-10-28
65657480;53563173;2022-06-10;2025-05-05
89337107;95388335;2020-07-25;2027-03-27
16292896;29272462;2021-12-11;2027-12-10
95345869;01256067;2020-04-06;2026-11-17
03915613;35303397;2022-10-07;2026-06-27
42613923;54449363;2018-09-01;2024-02-23
50139750;49656295;2021-07-27;2025-09-07
56880220;28983907;2021-04-21;2027-03-16
11013444;17630925;2018-09-03;2027-10-12
42220182;62117014;2018-08-03;2026-04-30
80733154;85282274;2022-01-26;2024-03-20
09894184;70544873;2021-08-20;2025-05-12
67927618;10546071;2022-08-21;2025-04-11
30171356;86615514;2019-08-28;2028-02-24
08551742;08203301;2018-09-19;2026-11-29
60569812;46642125;2022-09-18;2023-11-07
28574906;62387088;2021-09-11;2026-06-23
52078172;44003294;2021-02-04;2023-11-05
54002780;80521083;2021-05-14;2024-08-05
31424644;70201961;2018-07-09;2026-02-07
80312941;11559900;2022-11-11;2024-06-09
73604546;21830567;2021-11-19;2028-01-25
35351972;53125328;2022-01-24;2024-06-16
21767092;29995914;2018-11-25;2027-10-13
76252131;65610838;2022-05-17;2023-09-06
48597104;73967247;2022-09-04;2026-11-09
87241126;54445281;2018-07-05;2026-01-16
13548563;80643680;2022-06-17;2026-07-27
15238818;06116138;2019-06-29;2025-02-12
59219672;19418353;2018-04-20;2027-11-01
02853492;28857213;2021-01-27;2023-12-03
22950652;26384729;2022-07-15;2025-10-28
95315914;76492157;2020-12-17;2023-04-21
94777536;36290264;2022-01-28;2023-07-21
64460165;65941873;2019-12-12;2024-02-19
49712817;31305379;2022-05-08;2024-11-19
09249723;30968568;2018-10-21;2027-02-01
22776789;21450572;2020-09-15;2027-03-19
91971965;27363435;2019-12-05;2025-11-28
49920114;88326748;2020-03-03;2027-08-04
95434305;90900854;2021-12-12;2027-03-18
79837918;56548457;2018-09-20;2027-01-07
63361312;92940639;2023-03-14;2024-08-19
93472829;41960014;2019-12-06;2024-07-01
73775260;63580942;2022-09-21;2024-05-07
73714421;46207605;2022-02-27;2023-05-10
91351277;27333906;2018-11-29;2024-01-04
71865989;91856873;2020-02-01;2023-06-02
39192941;11135882;2021-04-07;2025-01-07
37979305;61430291;2022-09-02;2025-07-02
63215945;27366174;2021-03-26;2023-06-29
43521101;84748582;2021-07-13;2025-12-01
47153128;37665521;2021-04-01;2027-10-20
17975202;16283134;2021-11-25;2026-11-02
20026659;04914777;2019-12-01;2024-01-12
96461850;76730231;2020-01-03;2028-01-19
15740729;80710517;2020-03-02;2023-09-21
06295985;80060676;2021-12-23;2028-01-21
80680717;65486327;2019-04-04;2026-07-31
57083879;04371721;2022-11-01;2027-04-08
16941523;06021496;2020-08-09;2023-11-30
83280885;95973986;2018-04-24;2024-10-09
52944559;05986302;2020-06-22;2026-06-12
88360648;97350647;2018-07-19;2026-07-19
30342474;04244215;2021-09-16;2025-06-24
94353224;68967018;2020-01-01;2026-01-22
56729048;96539889;2018-12-12;2024-06-26
37044086;22835006;2022-01-03;2024-06-21
52753646;80679788;2021-09-14;2026-10-09
63122170;72105053;2022-07-19;2024-05-02
81152212;80548721;2022-11-26;2024-03-25
79494868;70542558;2021-03-07;2027-09-14
21303547;28598164;2022-12-12;2027-03-14
13794044;82033612;2019-07-07;2027-08-24
96623354;12950552;2019-10-31;2025-06-16
36510940;24421065;2019-01-03;2025-04-15
62827923;37707441;2018-05-12;2024-04-24
06624221;62849197;2018-12-19;2024-09-12
63085258;92360217;2023-03-02;2027-07-10
39947901;71715029;2022-05-30;2026-03-07
20987615;98287083;2018-05-29;2027-06-03
89802536;00933314;2019-02-02;2026-02-01
66337978;81867419;2019-06-10;2026-02-21
93368648;51182771;2021-03-08;2024-08-25
71841766;80391752;2019-04-30;2026-08-21
39391799;84273257;2019-10-24;2028-03-13
64634868;22960615;2021-09-07;2025-04-07
75183929;70537267;2019-08-21;2026-06-22
70505362;11876663;2020-02-13;2024-07-20
68197026;99036514;2022-04-04;2027-04-09
34733657;66648123;2018-10-17;2026-01-04
61539339;38331583;2022-03-11;2027-09-21
67116316;08569016;2020-03-24;2024-10-03
43036162;00890006;2018-06-14;2026-11-14
63359793;81626754;2021-08-21;2024-02-08
31463778;69866696;2022-04-06;2023-07-19
87850054;22825395;2022-01-31;2028-02-04
94869934;44185923;2019-03-22;2024-07-09
24496479;81460367;2021-10-12;2024-09-09
41863108;76714210;2022-04-05;2026-04-01
35237607;03434796;2023-03-28;2027-06-15
60925957;77755043;2022-05-10;2023-11-01
53281273;50527950;2021-02-16;2025-01-21
89078473;33287911;2020-01-26;2027-05-27
62046136;33112632;2021-01-14;2023-08-04
45402488;29290078;2022-05-27;2023-11-18
87926751;39823074;2019-01-26;2023-06-20
54835957;09351228;2022-10-21;2028-03-22
80077556;25924254;2018-05-01;2026-11-10
45297563;63055720;2020-06-01;2025-07-20
14968868;45070357;2019-03-24;2023-08-27
19300625;86351370;2019-09-01;2023-10-13
14719042;32800034;2023-01-29;2024-11-23
10663527;39318364;2018-06-03;2026-02-25
44857419;11608404;2020-05-22;2025-03-05
80715158;29374613;2022-08-02;2023-12-19
22800106;88857639;2022-07-25;2026-12-30
66100839;41388377;2019-05-10;2023-08-19
12685210;30263076;2018-11-04;2023-10-29
68077466;13622713;2019-09-10;2027-09-27
11857446;40702790;2022-08-17;2025-10-01
40359941;70536119;2021-06-24;2026-10-25
99407921;09676961;2018-04-12;2026-04-19
67873622;59105865;2018-07-20;2027-10-11
37840768;53926531;2022-07-17;2025-06-02
67941110;28955822;2022-11-27;2027-03-23
23721710;77206830;2022-05-25;2024-07-12
42177144;71403806;2019-07-01;2024-10-04
95862238;81807953;2018-05-07;2024-04-30
06533160;23427628;2019-11-11;2027-02-07
92110017;14472551;2020-05-24;2026-02-26
54295033;71049900;2021-08-04;2026-05-03
73867472;45628572;2020-08-26;2023-05-30
61406750;45203325;2020-07-03;2026-08-03
93747282;74786467;2020-05-14;2025-02-08
17033788;16222151;2020-09-07;2024-03-04
24689377;81230062;2019-05-09;2024-12-13
89083709;25648241;2022-12-10;2024-08-26
25160432;62285886;2021-11-29;2026-07-13
25012810;95863193;2020-03-30;2027-01-22
11985224;03917607;2022-08-18;2025-09-04
66266106;52949303;2021-09-26;2023-11-24
54265993;75926608;2023-03-29;2024-12-18
22797105;60975382;2019-01-11;2025-11-14
78051560;01063324;2022-09-09;2026-09-15
38400603;30547900;2019-02-08;2025-02-05
46254080;76348406;2019-05-04;2026-03-25
52014351;81468304;2020-04-27;2028-03-25
79479975;71529963;2020-02-04;2027-05-02
61610374;28194286;2018-07-21;2025-05-08
30851588;37676464;2020-09-13;2024-08-22
31283574;23997325;2022-06-02;2026-01-18
28763095;56753480;2022-12-04;2027-01-27
41151550;64972124;2022-02-19;2023-08-31
59139623;66982317;2021-04-20;2027-06-17
82703390;20073742;2019-11-03;2027-03-03
29945307;07153157;2023-02-06;2026-10-06
97941941;87144878;2022-10-11;2026-07-01
84852708;08171119;2023-03-03;2025-11-05
11384262;94924620;2021-11-05;2025-07-30
71950534;67680006;2019-04-29;2023-09-14
35394998;94753764;2020-12-07;2028-01-28
72824712;58598088;2020-06-10;2025-03-31
81248489;74519414;2019-10-14;2025-08-10
42826814;72211802;2021-02-05;2024-09-03
53705880;00093735;2021-03-29;2024-12-25
80920288;96387205;2020-09-03;2024-08-14
87733336;73936948;2020-12-22;2025-02-02
37025934;06333885;2022-12-19;2025-02-16
36172015;50185686;2021-02-21;2026-12-06
52109071;18005330;2020-07-06;2027-03-09
86392442;02121918;2019-01-14;2024-03-02
25872570;79049625;2019-06-24;2025-02-28
34997069;72610465;2020-08-23;2027-11-16
05904548;25544064;2018-07-02;2027-06-29
55664442;23313096;2019-12-27;2027-01-30
96503135;74445398;2019-11-06;2027-02-28
77196677;74550418;2023-02-11;2028-03-04
25423992;79917551;2018-12-06;2023-05-17
96843749;83720525;2021-12-26;2025-07-06
41292888;31294496;2022-01-27;2024-02-20
82890545;71753799;2021-03-19;2025-06-14
00491325;88922517;2019-12-31;2027-12-31
78746656;44403993;2018-12-30;2023-08-20
06094757;02924243;2021-10-06;2025-10-17
13971829;02357360;2021-11-22;2023-06-10
34328108;20744561;2021-05-18;2027-02-16
84990036;13241185;2019-11-17;2025-09-27
21066430;40011521;2018-08-04;2024-11-22
41796561;04513769;2018-10-28;2027-06-16
96752170;93507023;2019-09-26;2026-12-23
13043504;05624748;2022-10-22;2025-11-20
82123062;53031947;2020-06-30;2025-05-17
16301671;86246277;2022-12-27;2025-04-02
94536894;41704902;2020-10-02;2027-09-17
99204266;99716783;2022-05-01;2028-01-30
94232540;88864875;2020-10-16;2025-09-02
51997084;24761056;2023-02-17;2024-05-20
92786025;50359320;2019-11-09;2024-01-05
91381672;84398783;2019-01-12;2028-02-05
89095286;54277973;2020-09-08;2028-03-24
44866617;24296319;2019-01-22;2025-11-21
77990021;10284368;2019-05-07;2025-10-19
93099985;85323837;2020-05-19;2024-08-06
83516846;08410066;2022-03-21;2026-07-28
41035062;35338347;2022-05-20;2023-07-05
08519799;18245040;2021-08-10;2026-03-02
41018147;89573777;2022-05-23;2024-09-23
25838793;04629618;2019-08-20;2025-01-26
37788816;08657834;2019-11-13;2025-04-10
71772847;08915685;2019-11-19;2026-02-04
83607865;21200559;2019-01-15;2025-06-25
67827221;16714573;2020-12-27;2027-02-12
76200703;17934139;2021-10-01;2025-08-30
79916109;67769373;2023-01-11;2027-08-27
75313219;70767769;2023-03-24;2024-12-16
59218635;84206597;2021-11-20;2028-02-15
86340603;07908153;2020-04-07;2028-03-30
00820926;22708221;2018-08-14;2027-06-07
83474697;91336634;2020-04-03;2024-06-22
76777349;71874607;2019-05-21;2023-08-25
52472618;49525365;2019-02-10;2027-09-10
38816881;52427959;2022-03-22;2026-06-30
67955356;77104337;2018-09-08;2023-04-09
59238951;71132475;2019-08-24;2027-03-13
34161579;03358496;2022-01-15;2024-11-21
85482970;54991023;2018-09-23;2027-07-04
99204104;73564086;2021-12-22;2025-05-26
57459455;50597796;2020-09-01;2026-09-25
35305195;75097822;2022-07-14;2027-09-08
73477789;62901624;2019-11-16;2026-12-26
81879329;91486372;2018-09-12;2025-12-06
67047110;55460906;2022-07-09;2027-12-13
79698933;17671128;2020-05-15;2023-08-07
73439790;40529404;2022-02-21;2025-11-08
17306997;21390932;2021-05-30;2024-07-10
98179695;45212849;2021-01-24;2026-09-04
93652463;15249101;2019-03-20;2026-03-05
90445527;19101615;2020-05-25;2023-04-24
38714926;93055191;2022-12-26;2025-02-01
04984276;45018980;2021-10-10;2023-10-15
09403004;70397192;2022-08-06;2024-08-12
51731139;47969563;2022-02-14;2026-08-24
79384104;31755804;2020-02-08;2027-04-01
50648903;39369130;2019-09-18;2026-03-12
37562396;74832016;2020-05-23;2024-08-16
79033094;61350579;2019-06-08;2023-07-23
98659982;15027651;2020-07-24;2025-12-22
30145131;89545714;2020-11-26;2023-11-19
03874195;65947171;2019-12-18;2025-01-12
28767602;84247564;2021-12-28;2027-01-18
05570659;04446390;2019-04-14;2025-06-06
11296079;36497043;2021-09-17;2028-01-18
69044804;68510901;2022-06-07;2026-04-12
80430380;54372439;2022-10-24;2023-11-22
16637818;97683926;2020-07-15;2024-04-07
12970628;19464247;2022-10-28;2025-10-06
53505156;28351674;2021-10-17;2025-09-25
72109999;70624110;2018-05-02;2028-03-01
11262381;32444858;2022-10-29;2024-01-09
97360424;22879679;2018-07-27;2027-05-26
23429121;20704738;2023-03-12;2027-09-12
17772086;02865260;2020-09-05;2026-04-26
60178608;17917013;2018-05-24;2024-01-24
28838710;01116592;2022-12-06;2027-10-16
30335759;63616386;2018-07-18;2026-01-20
58059414;03914853;2021-01-05;2026-06-09
24825793;10875482;2019-09-21;2026-02-15
30320136;54697575;2023-02-28;2024-04-23
56299797;81817885;2022-09-26;2027-09-01
95694920;62420898;2019-02-09;2028-01-16
84419834;00611738;2021-01-17;2023-10-09
21961634;06189881;2019-12-13;2025-02-26
32058835;78688218;2021-12-10;2025-08-31
76959648;00863313;2022-01-09;2024-05-28
23836162;83538335;2022-03-14;2023-11-23
99237598;29318069;2021-10-20;2026-07-17
01346026;25382176;2022-11-17;2027-04-05
76847523;70062945;2022-11-15;2028-03-20
07162324;24846659;2021-05-29;2028-01-15
55587936;94002721;2022-06-01;2027-06-05
20897952;96844812;2018-05-13;2026-07-22
95910616;26142871;2020-09-12;2023-12-10
64550831;43543124;2018-11-12;2027-07-15
83329623;00291210;2020-12-26;2025-04-18
07976081;03625950;2023-03-04;2024-07-05
37602952;51624260;2022-09-01;2024-02-13
80587053;83415633;2020-08-03;2026-01-19
69613312;52769769;2019-08-30;2025-03-14
56651355;29074713;2022-09-13;2025-08-22
30200862;30882629;2022-03-08;2025-09-11
76052734;69960294;2019-06-03;2025-08-29
50381877;18009350;2022-06-05;2023-12-28
00914167;07216199;2022-11-30;2027-01-04
12823735;12438518;2022-11-18;2026-03-28
26918741;50828045;2020-06-02;2024-04-08
64082472;20223438;2022-07-11;2025-12-20
37671070;85315938;2023-03-11;2024-07-25
31417147;61765586;2019-10-10;2025-06-08
94446248;49371417;2022-08-28;2025-12-24
71839246;75699293;2020-02-15;2025-12-12
43602212;53008394;2019-05-14;2025-06-21
77555099;61725246;2022-08-25;2024-11-03
62766992;12315905;2022-11-05;2024-11-13
86867288;23305658;2020-11-23;2025-01-23
17170812;02286907;2023-02-26;2027-05-30
95252225;89038580;2023-01-06;2026-01-14
45678424;49932750;2021-11-27;2027-06-21
86609779;18124751;2019-05-12;2024-02-21
82130289;30179003;2018-05-30;2026-05-27
05722449;61119708;2020-05-31;2026-09-07
59344458;14596633;2018-08-08;2024-10-15
45240671;07128459;2021-11-24;2027-09-19
40907370;01116916;2020-09-11;2026-03-29
79330497;34832030;2018-09-11;2024-11-24
02237350;78263537;2018-07-07;2027-11-21
72873387;76633839;2022-11-02;2027-10-08
84760214;57450454;2019-10-16;2023-11-29
45367994;71660131;2021-01-09;2026-12-20
17571540;90440384;2018-06-09;2023-07-28
84353039;05438126;2021-05-23;2027-07-07
24113744;63989859;2020-12-09;2023-11-08
20420224;81307887;2020-07-13;2024-06-19
